symbol,metric,tag_used,n_points_total,n_train,train_ends,test_end,y_test_actual,best_model,r2_best_train,r2_linear_train,r2_logarithmic_train,r2_exponential_train,r2_power_train,y_pred_next_quarter,error_signed,error_abs,error_rel,params
IBM,revenue,Revenues,9,8,"2023-06-30,2023-09-30,2024-03-31,2024-06-30,2024-09-30,2025-03-31,2025-06-30,2025-09-30",2026-03-31,15917000000.0,linear,0.02956966582818743,0.02956966582818743,0.009390681310792348,-0.01856401885599457,-0.04393830668189902,36389749999.99999,20472749999.999992,20472749999.999992,1.2862191367720044,"{""a"": 28111999999.99999, ""b"": 919750000.0000002}"
IBM,earnings,NetIncomeLoss,9,8,"2023-06-30,2023-09-30,2024-03-31,2024-06-30,2024-09-30,2025-03-31,2025-06-30,2025-09-30",2026-03-31,1216000000.0,linear,0.05694230087731322,0.05694230087731322,0.024967402450315035,-0.0067735115808300606,-0.042588625548880765,3588071428.571428,2372071428.571428,2372071428.571428,1.9507166353383452,"{""a"": 2455678571.4285703, ""b"": 125821428.57142861}"
IBM,dividends,PaymentsOfDividendsCommonStock,9,8,"2023-06-30,2023-09-30,2024-03-31,2024-06-30,2024-09-30,2025-03-31,2025-06-30,2025-09-30",2026-03-31,1576000000.0,linear,0.02051818953956086,0.02051818953956086,0.005838224123743463,-0.023265306798111896,-0.04178134681283052,3593571428.5714283,2017571428.5714283,2017571428.5714283,1.2801849166062362,"{""a"": 2919428571.428571, ""b"": 74904761.90476187}"
MSFT,revenue,RevenueFromContractWithCustomerExcludingAssessedTax,9,8,"2023-09-30,2023-12-31,2024-03-31,2024-09-30,2024-12-31,2025-03-31,2025-09-30,2025-12-31",2026-03-31,241832000000.0,logarithmic,0.18027896880749317,0.12077767521309113,0.18027896880749317,0.0699729736081367,0.12799068472771113,153773908551.46188,-88058091448.53812,88058091448.53812,-0.364129194848234,"{""a"": 80659607270.69518, ""b"": 33275752526.583336}"
MSFT,earnings,NetIncomeLoss,9,8,"2023-09-30,2023-12-31,2024-03-31,2024-09-30,2024-12-31,2025-03-31,2025-09-30,2025-12-31",2026-03-31,97983000000.0,logarithmic,0.19373589353226994,0.1506661298850689,0.19373589353226994,0.10716277803520557,0.1482473511675878,58083951045.513985,-39899048954.486015,39899048954.486015,-0.407203789988937,"{""a"": 29685428498.12188, ""b"": 12924724600.441496}"
MSFT,dividends,CommonStockDividendsPerShareDeclared,9,8,"2023-09-30,2023-12-31,2024-03-31,2024-09-30,2024-12-31,2025-03-31,2025-09-30,2025-12-31",2026-03-31,2.73,logarithmic,0.12966726285972474,0.07298929192823833,0.12966726285972474,0.02576141755085304,0.07954496917136478,1.8195701041139163,-0.9104298958860837,0.9104298958860837,-0.3334908043538768,"{""a"": 1.080178464598998, ""b"": 0.33651163706320425}"
AAPL,revenue,RevenueFromContractWithCustomerExcludingAssessedTax,9,8,"2023-07-01,2023-12-30,2024-03-30,2024-06-29,2024-12-28,2025-03-29,2025-06-28,2025-12-27",2026-03-28,254940000000.0,logarithmic,0.018832393931750735,0.006606532307868007,0.018832393931750735,-0.02744942965337671,-0.013365576655154365,201519099302.45258,-53420900697.547424,53420900697.547424,-0.20954303246860997,"{""a"": 235880999469.66666, ""b"": -15638774716.816765}"
AAPL,earnings,NetIncomeLoss,9,8,"2023-07-01,2023-12-30,2024-03-30,2024-06-29,2024-12-28,2025-03-29,2025-06-28,2025-12-27",2026-03-28,71675000000.0,logarithmic,0.002531508876706723,1.3171516596965915e-05,0.002531508876706723,-0.02760592433105491,-0.024805940661528414,57346126163.520294,-14328873836.479706,14328873836.479706,-0.1999145285870904,"{""a"": 60440049629.80943, ""b"": -1408105251.5988233}"
AAPL,dividends,CommonStockDividendsPerShareDeclared,9,8,"2023-07-01,2023-12-30,2024-03-30,2024-06-29,2024-12-28,2025-03-29,2025-06-28,2025-12-27",2026-03-28,0.52,logarithmic,0.02478501243727127,0.013862646841370507,0.02478501243727127,-0.03782497943913876,-0.023677065442730072,0.4465136515286668,-0.07348634847133323,0.07348634847133323,-0.14131990090641006,"{""a"": 0.5561326037988067, ""b"": -0.04988973516900817}"
GOOG,revenue,Revenues,9,8,"2020-06-30,2021-03-31,2021-06-30,2024-06-30,2024-09-30,2025-03-31,2025-06-30,2025-09-30",2026-03-31,109896000000.0,linear,0.5401236874327314,0.5401236874327314,0.4880185525632309,0.5258672245125375,0.4990295300079076,268747035714.2857,158851035714.2857,158851035714.2857,1.4454669479715887,"{""a"": 40427214285.71431, ""b"": 25368869047.61904}"
GOOG,earnings,NetIncomeLoss,9,8,"2023-06-30,2023-09-30,2024-03-31,2024-06-30,2024-09-30,2025-03-31,2025-06-30,2025-09-30",2026-03-31,62578000000.0,exponential,0.4646407282094813,0.4468491073876354,0.3342357892334802,0.4646407282094813,0.3356096706099164,82626261631.74586,20048261631.745865,20048261631.745865,0.3203723614009055,"{""a"": 0.11810223406114463, ""b"": 28542878370.656956}"
GOOG,dividends,PaymentsOfDividends,9,8,"2023-06-30,2023-09-30,2024-03-31,2024-06-30,2024-09-30,2025-03-31,2025-06-30,2025-09-30",2026-03-31,2542000000.0,linear,0.82034465519157,0.82034465519157,0.6834886415317876,nan,nan,7462071428.571428,4920071428.571428,4920071428.571428,1.9355119703270764,"{""a"": -1884321428.5714285, ""b"": 1038488095.2380952}"
META,revenue,RevenueFromContractWithCustomerExcludingAssessedTax,9,8,"2023-06-30,2023-09-30,2024-03-31,2024-06-30,2024-09-30,2025-03-31,2025-06-30,2025-09-30",2026-03-31,56311000000.0,linear,0.23454480789817123,0.23454480789817123,0.1600685237866889,0.21505331195161437,0.12414891077712442,114041571428.57144,57730571428.57144,57730571428.57144,1.0252094871085835,"{""a"": 50146178571.42858, ""b"": 7099488095.238094}"
META,earnings,NetIncomeLoss,9,8,"2023-06-30,2023-09-30,2024-03-31,2024-06-30,2024-09-30,2025-03-31,2025-06-30,2025-09-30",2026-03-31,26773000000.0,linear,0.4097929572004769,0.4097929572004769,0.39041537963570916,0.38627949133561224,0.3833700732154125,39203642857.142845,12430642857.142845,12430642857.142845,0.4642977199844188,"{""a"": 12701107142.857141, ""b"": 2944726190.476189}"
META,dividends,PaymentsOfDividends,9,8,"2023-06-30,2023-09-30,2024-03-31,2024-06-30,2024-09-30,2025-03-31,2025-06-30,2025-09-30",2026-03-31,1346000000.0,logarithmic,0.6614583643143067,0.640726603696347,0.6614583643143067,nan,nan,3512698353.321252,2166698353.321252,2166698353.321252,1.609731317474927,"{""a"": -431226528.16002053, ""b"": 1794957566.996927}"
PG,revenue,Revenues,9,8,"2023-09-30,2023-12-31,2024-03-31,2024-09-30,2024-12-31,2025-03-31,2025-09-30,2025-12-31",2026-03-31,65828000000.0,logarithmic,0.054403502160684014,0.01624528620886645,0.054403502160684014,-0.02904690751686312,0.006309074153713623,45576870218.80739,-20251129781.19261,20251129781.19261,-0.307637020434961,"{""a"": 32911918660.573086, ""b"": 5764067855.816775}"
PG,earnings,NetIncomeLoss,9,8,"2023-09-30,2023-12-31,2024-03-31,2024-09-30,2024-12-31,2025-03-31,2025-09-30,2025-12-31",2026-03-31,13002000000.0,logarithmic,0.0802140173615824,0.0397510326797722,0.0802140173615824,-0.00211841999172635,0.03631503493846033,9008436888.062244,-3993563111.9377556,3993563111.9377556,-0.30714990862465436,"{""a"": 6144374472.36968, ""b"": 1303490979.1354954}"
PG,dividends,PaymentsOfDividends,9,8,"2023-09-30,2023-12-31,2024-03-31,2024-09-30,2024-12-31,2025-03-31,2025-09-30,2025-12-31",2026-03-31,7623000000.0,logarithmic,0.08883865253759271,0.038980147832972434,0.08883865253759271,-0.008054017409180103,0.03847516709329313,5227610843.010581,-2395389156.989419,2395389156.989419,-0.3142318190987038,"{""a"": 3400720644.680677, ""b"": 831453560.6299806}"
GE,revenue,Revenues,9,8,"2023-06-30,2023-09-30,2024-03-31,2024-06-30,2024-09-30,2025-03-31,2025-06-30,2025-09-30",2026-03-31,12392000000.0,logarithmic,0.16146608216981906,0.10137697961713366,0.16146608216981906,0.07259376795174133,0.1319675289194835,19664875225.167805,7272875225.167805,7272875225.167805,0.5869008412821017,"{""a"": 34921186746.27993, ""b"": -6943446600.077604}"
GE,earnings,NetIncomeLoss,9,8,"2023-06-30,2023-09-30,2024-03-31,2024-06-30,2024-09-30,2025-03-31,2025-06-30,2025-09-30",2026-03-31,1904000000.0,logarithmic,0.23180871030520755,0.09556130876132707,0.23180871030520755,0.01370485027495072,0.19109946781882048,3115106790.4356475,1211106790.4356475,1211106790.4356475,0.6360854991783863,"{""a"": 6787595118.748724, ""b"": -1671421467.8798907}"
GE,dividends,CommonStockDividendsPerShareDeclared,9,8,"2023-09-30,2024-03-31,2024-04-30,2024-06-30,2024-09-30,2025-03-31,2025-06-30,2025-09-30",2026-03-31,0.47,linear,0.6697098281256697,0.6697098281256697,0.5655279321361361,nan,nan,1.0457142857142854,0.5757142857142854,0.5757142857142854,1.224924012158054,"{""a"": -0.02571428571428533, ""b"": 0.11904761904761897}"
